post_id,comment_id,user_id,post_title,post_description,created_at,updated_at
1,,1,Post Title 1,Description for user 1,14-02-2026 11:17,14-02-2026 11:17
2,,2,Post Title 2,Description for user 2,14-02-2026 11:17,14-02-2026 11:17
3,,3,Post Title 3,Description for user 3,14-02-2026 11:17,14-02-2026 11:17
4,,4,Post Title 4,Description for user 4,14-02-2026 11:17,14-02-2026 11:17
5,,5,Post Title 5,Description for user 5,14-02-2026 11:17,14-02-2026 11:17
6,,6,Post Title 6,Description for user 6,14-02-2026 11:17,14-02-2026 11:17
7,,7,Post Title 7,Description for user 7,14-02-2026 11:17,14-02-2026 11:17
8,,8,Post Title 8,Description for user 8,14-02-2026 11:17,14-02-2026 11:17
9,,9,Post Title 9,Description for user 9,14-02-2026 11:17,14-02-2026 11:17
10,,10,Post Title 10,Description for user 10,14-02-2026 11:17,14-02-2026 11:17
11,,11,Post Title 11,Description for user 11,14-02-2026 11:17,14-02-2026 11:17
12,,12,Post Title 12,Description for user 12,14-02-2026 11:17,14-02-2026 11:17
13,,13,Post Title 13,Description for user 13,14-02-2026 11:17,14-02-2026 11:17
14,,14,Post Title 14,Description for user 14,14-02-2026 11:17,14-02-2026 11:17
15,,15,Post Title 15,Description for user 15,14-02-2026 11:17,14-02-2026 11:17
16,,16,Post Title 16,Description for user 16,14-02-2026 11:17,14-02-2026 11:17
17,,17,Post Title 17,Description for user 17,14-02-2026 11:17,14-02-2026 11:17
18,,18,Post Title 18,Description for user 18,14-02-2026 11:17,14-02-2026 11:17
19,,19,Post Title 19,Description for user 19,14-02-2026 11:17,14-02-2026 11:17
20,,20,Post Title 20,Description for user 20,14-02-2026 11:17,14-02-2026 11:17
21,,21,Post Title 21,Description for user 21,14-02-2026 11:17,14-02-2026 11:17
22,,22,Post Title 22,Description for user 22,14-02-2026 11:17,14-02-2026 11:17
23,,23,Post Title 23,Description for user 23,14-02-2026 11:17,14-02-2026 11:17
24,,24,Post Title 24,Description for user 24,14-02-2026 11:17,14-02-2026 11:17
25,,25,Post Title 25,Description for user 25,14-02-2026 11:17,14-02-2026 11:17
26,,26,Post Title 26,Description for user 26,14-02-2026 11:17,14-02-2026 11:17
27,,27,Post Title 27,Description for user 27,14-02-2026 11:17,14-02-2026 11:17
28,,28,Post Title 28,Description for user 28,14-02-2026 11:17,14-02-2026 11:17
29,,29,Post Title 29,Description for user 29,14-02-2026 11:17,14-02-2026 11:17
30,,30,Post Title 30,Description for user 30,14-02-2026 11:17,14-02-2026 11:17
31,,31,Post Title 31,Description for user 31,14-02-2026 11:17,14-02-2026 11:17
32,,32,Post Title 32,Description for user 32,14-02-2026 11:17,14-02-2026 11:17
33,,33,Post Title 33,Description for user 33,14-02-2026 11:17,14-02-2026 11:17
34,,34,Post Title 34,Description for user 34,14-02-2026 11:17,14-02-2026 11:17
35,,35,Post Title 35,Description for user 35,14-02-2026 11:17,14-02-2026 11:17
36,,36,Post Title 36,Description for user 36,14-02-2026 11:17,14-02-2026 11:17
37,,37,Post Title 37,Description for user 37,14-02-2026 11:17,14-02-2026 11:17
38,,38,Post Title 38,Description for user 38,14-02-2026 11:17,14-02-2026 11:17
39,,39,Post Title 39,Description for user 39,14-02-2026 11:17,14-02-2026 11:17
40,,40,Post Title 40,Description for user 40,14-02-2026 11:17,14-02-2026 11:17
41,,41,Post Title 41,Description for user 41,14-02-2026 11:17,14-02-2026 11:17
42,,42,Post Title 42,Description for user 42,14-02-2026 11:17,14-02-2026 11:17
43,,43,Post Title 43,Description for user 43,14-02-2026 11:17,14-02-2026 11:17
44,,44,Post Title 44,Description for user 44,14-02-2026 11:17,14-02-2026 11:17
45,,45,Post Title 45,Description for user 45,14-02-2026 11:17,14-02-2026 11:17
46,,46,Post Title 46,Description for user 46,14-02-2026 11:17,14-02-2026 11:17
47,,47,Post Title 47,Description for user 47,14-02-2026 11:17,14-02-2026 11:17
48,,48,Post Title 48,Description for user 48,14-02-2026 11:17,14-02-2026 11:17
49,,49,Post Title 49,Description for user 49,14-02-2026 11:17,14-02-2026 11:17
50,,50,Post Title 50,Description for user 50,14-02-2026 11:17,14-02-2026 11:17
51,,51,Post Title 51,Description for user 51,14-02-2026 11:17,14-02-2026 11:17
52,,52,Post Title 52,Description for user 52,14-02-2026 11:17,14-02-2026 11:17
53,,53,Post Title 53,Description for user 53,14-02-2026 11:17,14-02-2026 11:17
54,,54,Post Title 54,Description for user 54,14-02-2026 11:17,14-02-2026 11:17
55,,55,Post Title 55,Description for user 55,14-02-2026 11:17,14-02-2026 11:17
56,,56,Post Title 56,Description for user 56,14-02-2026 11:17,14-02-2026 11:17
57,,57,Post Title 57,Description for user 57,14-02-2026 11:17,14-02-2026 11:17
58,,58,Post Title 58,Description for user 58,14-02-2026 11:17,14-02-2026 11:17
59,,59,Post Title 59,Description for user 59,14-02-2026 11:17,14-02-2026 11:17
60,,60,Post Title 60,Description for user 60,14-02-2026 11:17,14-02-2026 11:17
61,,61,Post Title 61,Description for user 61,14-02-2026 11:17,14-02-2026 11:17
62,,62,Post Title 62,Description for user 62,14-02-2026 11:17,14-02-2026 11:17
63,,63,Post Title 63,Description for user 63,14-02-2026 11:17,14-02-2026 11:17
64,,64,Post Title 64,Description for user 64,14-02-2026 11:17,14-02-2026 11:17
65,,65,Post Title 65,Description for user 65,14-02-2026 11:17,14-02-2026 11:17
66,,66,Post Title 66,Description for user 66,14-02-2026 11:17,14-02-2026 11:17
67,,67,Post Title 67,Description for user 67,14-02-2026 11:17,14-02-2026 11:17
68,,68,Post Title 68,Description for user 68,14-02-2026 11:17,14-02-2026 11:17
69,,69,Post Title 69,Description for user 69,14-02-2026 11:17,14-02-2026 11:17
70,,70,Post Title 70,Description for user 70,14-02-2026 11:17,14-02-2026 11:17
71,,71,Post Title 71,Description for user 71,14-02-2026 11:17,14-02-2026 11:17
72,,72,Post Title 72,Description for user 72,14-02-2026 11:17,14-02-2026 11:17
73,,73,Post Title 73,Description for user 73,14-02-2026 11:17,14-02-2026 11:17
74,,74,Post Title 74,Description for user 74,14-02-2026 11:17,14-02-2026 11:17
75,,75,Post Title 75,Description for user 75,14-02-2026 11:17,14-02-2026 11:17
76,,76,Post Title 76,Description for user 76,14-02-2026 11:17,14-02-2026 11:17
77,,77,Post Title 77,Description for user 77,14-02-2026 11:17,14-02-2026 11:17
78,,78,Post Title 78,Description for user 78,14-02-2026 11:17,14-02-2026 11:17
79,,79,Post Title 79,Description for user 79,14-02-2026 11:17,14-02-2026 11:17
80,,80,Post Title 80,Description for user 80,14-02-2026 11:17,14-02-2026 11:17
81,,81,Post Title 81,Description for user 81,14-02-2026 11:17,14-02-2026 11:17
82,,82,Post Title 82,Description for user 82,14-02-2026 11:17,14-02-2026 11:17
83,,83,Post Title 83,Description for user 83,14-02-2026 11:17,14-02-2026 11:17
84,,84,Post Title 84,Description for user 84,14-02-2026 11:17,14-02-2026 11:17
85,,85,Post Title 85,Description for user 85,14-02-2026 11:17,14-02-2026 11:17
86,,86,Post Title 86,Description for user 86,14-02-2026 11:17,14-02-2026 11:17
87,,87,Post Title 87,Description for user 87,14-02-2026 11:17,14-02-2026 11:17
88,,88,Post Title 88,Description for user 88,14-02-2026 11:17,14-02-2026 11:17
89,,89,Post Title 89,Description for user 89,14-02-2026 11:17,14-02-2026 11:17
90,,90,Post Title 90,Description for user 90,14-02-2026 11:17,14-02-2026 11:17
91,,91,Post Title 91,Description for user 91,14-02-2026 11:17,14-02-2026 11:17
92,,92,Post Title 92,Description for user 92,14-02-2026 11:17,14-02-2026 11:17
93,,93,Post Title 93,Description for user 93,14-02-2026 11:17,14-02-2026 11:17
94,,94,Post Title 94,Description for user 94,14-02-2026 11:17,14-02-2026 11:17
95,,95,Post Title 95,Description for user 95,14-02-2026 11:17,14-02-2026 11:17
96,,96,Post Title 96,Description for user 96,14-02-2026 11:17,14-02-2026 11:17
97,,97,Post Title 97,Description for user 97,14-02-2026 11:17,14-02-2026 11:17
98,,98,Post Title 98,Description for user 98,14-02-2026 11:17,14-02-2026 11:17
99,,99,Post Title 99,Description for user 99,14-02-2026 11:17,14-02-2026 11:17
100,,100,Post Title 100,Description for user 100,14-02-2026 11:17,14-02-2026 11:17
101,,101,Post Title 101,Description for user 101,14-02-2026 11:17,14-02-2026 11:17
102,,102,Post Title 102,Description for user 102,14-02-2026 11:17,14-02-2026 11:17
103,,103,Post Title 103,Description for user 103,14-02-2026 11:17,14-02-2026 11:17
104,,104,Post Title 104,Description for user 104,14-02-2026 11:17,14-02-2026 11:17
105,,105,Post Title 105,Description for user 105,14-02-2026 11:17,14-02-2026 11:17
106,,106,Post Title 106,Description for user 106,14-02-2026 11:17,14-02-2026 11:17
107,,107,Post Title 107,Description for user 107,14-02-2026 11:17,14-02-2026 11:17
108,,108,Post Title 108,Description for user 108,14-02-2026 11:17,14-02-2026 11:17
109,,109,Post Title 109,Description for user 109,14-02-2026 11:17,14-02-2026 11:17
110,,110,Post Title 110,Description for user 110,14-02-2026 11:17,14-02-2026 11:17
111,,111,Post Title 111,Description for user 111,14-02-2026 11:17,14-02-2026 11:17
112,,112,Post Title 112,Description for user 112,14-02-2026 11:17,14-02-2026 11:17
113,,113,Post Title 113,Description for user 113,14-02-2026 11:17,14-02-2026 11:17
114,,114,Post Title 114,Description for user 114,14-02-2026 11:17,14-02-2026 11:17
115,,115,Post Title 115,Description for user 115,14-02-2026 11:17,14-02-2026 11:17
116,,116,Post Title 116,Description for user 116,14-02-2026 11:17,14-02-2026 11:17
117,,117,Post Title 117,Description for user 117,14-02-2026 11:17,14-02-2026 11:17
118,,118,Post Title 118,Description for user 118,14-02-2026 11:17,14-02-2026 11:17
119,,119,Post Title 119,Description for user 119,14-02-2026 11:17,14-02-2026 11:17
120,,120,Post Title 120,Description for user 120,14-02-2026 11:17,14-02-2026 11:17
121,,121,Post Title 121,Description for user 121,14-02-2026 11:17,14-02-2026 11:17
122,,122,Post Title 122,Description for user 122,14-02-2026 11:17,14-02-2026 11:17
123,,123,Post Title 123,Description for user 123,14-02-2026 11:17,14-02-2026 11:17
124,,124,Post Title 124,Description for user 124,14-02-2026 11:17,14-02-2026 11:17
125,,125,Post Title 125,Description for user 125,14-02-2026 11:17,14-02-2026 11:17
126,,126,Post Title 126,Description for user 126,14-02-2026 11:17,14-02-2026 11:17
127,,127,Post Title 127,Description for user 127,14-02-2026 11:17,14-02-2026 11:17
128,,128,Post Title 128,Description for user 128,14-02-2026 11:17,14-02-2026 11:17
129,,129,Post Title 129,Description for user 129,14-02-2026 11:17,14-02-2026 11:17
130,,130,Post Title 130,Description for user 130,14-02-2026 11:17,14-02-2026 11:17
131,,131,Post Title 131,Description for user 131,14-02-2026 11:17,14-02-2026 11:17
132,,132,Post Title 132,Description for user 132,14-02-2026 11:17,14-02-2026 11:17
133,,133,Post Title 133,Description for user 133,14-02-2026 11:17,14-02-2026 11:17
134,,134,Post Title 134,Description for user 134,14-02-2026 11:17,14-02-2026 11:17
135,,135,Post Title 135,Description for user 135,14-02-2026 11:17,14-02-2026 11:17
136,,136,Post Title 136,Description for user 136,14-02-2026 11:17,14-02-2026 11:17
137,,137,Post Title 137,Description for user 137,14-02-2026 11:17,14-02-2026 11:17
138,,138,Post Title 138,Description for user 138,14-02-2026 11:17,14-02-2026 11:17
139,,139,Post Title 139,Description for user 139,14-02-2026 11:17,14-02-2026 11:17
140,,140,Post Title 140,Description for user 140,14-02-2026 11:17,14-02-2026 11:17
141,,141,Post Title 141,Description for user 141,14-02-2026 11:17,14-02-2026 11:17
142,,142,Post Title 142,Description for user 142,14-02-2026 11:17,14-02-2026 11:17
143,,143,Post Title 143,Description for user 143,14-02-2026 11:17,14-02-2026 11:17
144,,144,Post Title 144,Description for user 144,14-02-2026 11:17,14-02-2026 11:17
145,,145,Post Title 145,Description for user 145,14-02-2026 11:17,14-02-2026 11:17
146,,146,Post Title 146,Description for user 146,14-02-2026 11:17,14-02-2026 11:17
147,,147,Post Title 147,Description for user 147,14-02-2026 11:17,14-02-2026 11:17
148,,148,Post Title 148,Description for user 148,14-02-2026 11:17,14-02-2026 11:17
149,,149,Post Title 149,Description for user 149,14-02-2026 11:17,14-02-2026 11:17
150,,150,Post Title 150,Description for user 150,14-02-2026 11:17,14-02-2026 11:17
151,,151,Post Title 151,Description for user 151,14-02-2026 11:17,14-02-2026 11:17
152,,152,Post Title 152,Description for user 152,14-02-2026 11:17,14-02-2026 11:17
153,,153,Post Title 153,Description for user 153,14-02-2026 11:17,14-02-2026 11:17
154,,154,Post Title 154,Description for user 154,14-02-2026 11:17,14-02-2026 11:17
155,,155,Post Title 155,Description for user 155,14-02-2026 11:17,14-02-2026 11:17
156,,156,Post Title 156,Description for user 156,14-02-2026 11:17,14-02-2026 11:17
157,,157,Post Title 157,Description for user 157,14-02-2026 11:17,14-02-2026 11:17
158,,158,Post Title 158,Description for user 158,14-02-2026 11:17,14-02-2026 11:17
159,,159,Post Title 159,Description for user 159,14-02-2026 11:17,14-02-2026 11:17
160,,160,Post Title 160,Description for user 160,14-02-2026 11:17,14-02-2026 11:17
161,,161,Post Title 161,Description for user 161,14-02-2026 11:17,14-02-2026 11:17
162,,162,Post Title 162,Description for user 162,14-02-2026 11:17,14-02-2026 11:17
163,,163,Post Title 163,Description for user 163,14-02-2026 11:17,14-02-2026 11:17
164,,164,Post Title 164,Description for user 164,14-02-2026 11:17,14-02-2026 11:17
165,,165,Post Title 165,Description for user 165,14-02-2026 11:17,14-02-2026 11:17
166,,166,Post Title 166,Description for user 166,14-02-2026 11:17,14-02-2026 11:17
167,,167,Post Title 167,Description for user 167,14-02-2026 11:17,14-02-2026 11:17
168,,168,Post Title 168,Description for user 168,14-02-2026 11:17,14-02-2026 11:17
169,,169,Post Title 169,Description for user 169,14-02-2026 11:17,14-02-2026 11:17
170,,170,Post Title 170,Description for user 170,14-02-2026 11:17,14-02-2026 11:17
171,,171,Post Title 171,Description for user 171,14-02-2026 11:17,14-02-2026 11:17
172,,172,Post Title 172,Description for user 172,14-02-2026 11:17,14-02-2026 11:17
173,,173,Post Title 173,Description for user 173,14-02-2026 11:17,14-02-2026 11:17
174,,174,Post Title 174,Description for user 174,14-02-2026 11:17,14-02-2026 11:17
175,,175,Post Title 175,Description for user 175,14-02-2026 11:17,14-02-2026 11:17
176,,176,Post Title 176,Description for user 176,14-02-2026 11:17,14-02-2026 11:17
177,,177,Post Title 177,Description for user 177,14-02-2026 11:17,14-02-2026 11:17
178,,178,Post Title 178,Description for user 178,14-02-2026 11:17,14-02-2026 11:17
179,,179,Post Title 179,Description for user 179,14-02-2026 11:17,14-02-2026 11:17
180,,180,Post Title 180,Description for user 180,14-02-2026 11:17,14-02-2026 11:17
181,,181,Post Title 181,Description for user 181,14-02-2026 11:17,14-02-2026 11:17
182,,182,Post Title 182,Description for user 182,14-02-2026 11:17,14-02-2026 11:17
183,,183,Post Title 183,Description for user 183,14-02-2026 11:17,14-02-2026 11:17
184,,184,Post Title 184,Description for user 184,14-02-2026 11:17,14-02-2026 11:17
185,,185,Post Title 185,Description for user 185,14-02-2026 11:17,14-02-2026 11:17
186,,186,Post Title 186,Description for user 186,14-02-2026 11:17,14-02-2026 11:17
187,,187,Post Title 187,Description for user 187,14-02-2026 11:17,14-02-2026 11:17
188,,188,Post Title 188,Description for user 188,14-02-2026 11:17,14-02-2026 11:17
189,,189,Post Title 189,Description for user 189,14-02-2026 11:17,14-02-2026 11:17
190,,190,Post Title 190,Description for user 190,14-02-2026 11:17,14-02-2026 11:17
191,,191,Post Title 191,Description for user 191,14-02-2026 11:17,14-02-2026 11:17
192,,192,Post Title 192,Description for user 192,14-02-2026 11:17,14-02-2026 11:17
193,,193,Post Title 193,Description for user 193,14-02-2026 11:17,14-02-2026 11:17
194,,194,Post Title 194,Description for user 194,14-02-2026 11:17,14-02-2026 11:17
195,,195,Post Title 195,Description for user 195,14-02-2026 11:17,14-02-2026 11:17
196,,196,Post Title 196,Description for user 196,14-02-2026 11:17,14-02-2026 11:17
197,,197,Post Title 197,Description for user 197,14-02-2026 11:17,14-02-2026 11:17
198,,198,Post Title 198,Description for user 198,14-02-2026 11:17,14-02-2026 11:17
199,,199,Post Title 199,Description for user 199,14-02-2026 11:17,14-02-2026 11:17
200,,200,Post Title 200,Description for user 200,14-02-2026 11:17,14-02-2026 11:17
201,,201,Post Title 201,Description for user 201,14-02-2026 11:17,14-02-2026 11:17
202,,202,Post Title 202,Description for user 202,14-02-2026 11:17,14-02-2026 11:17
203,,203,Post Title 203,Description for user 203,14-02-2026 11:17,14-02-2026 11:17
204,,204,Post Title 204,Description for user 204,14-02-2026 11:17,14-02-2026 11:17
205,,205,Post Title 205,Description for user 205,14-02-2026 11:17,14-02-2026 11:17
206,,206,Post Title 206,Description for user 206,14-02-2026 11:17,14-02-2026 11:17
207,,207,Post Title 207,Description for user 207,14-02-2026 11:17,14-02-2026 11:17
208,,208,Post Title 208,Description for user 208,14-02-2026 11:17,14-02-2026 11:17
209,,209,Post Title 209,Description for user 209,14-02-2026 11:17,14-02-2026 11:17
210,,210,Post Title 210,Description for user 210,14-02-2026 11:17,14-02-2026 11:17
211,,211,Post Title 211,Description for user 211,14-02-2026 11:17,14-02-2026 11:17
212,,212,Post Title 212,Description for user 212,14-02-2026 11:17,14-02-2026 11:17
213,,213,Post Title 213,Description for user 213,14-02-2026 11:17,14-02-2026 11:17
214,,214,Post Title 214,Description for user 214,14-02-2026 11:17,14-02-2026 11:17
215,,215,Post Title 215,Description for user 215,14-02-2026 11:17,14-02-2026 11:17
216,,216,Post Title 216,Description for user 216,14-02-2026 11:17,14-02-2026 11:17
217,,217,Post Title 217,Description for user 217,14-02-2026 11:17,14-02-2026 11:17
218,,218,Post Title 218,Description for user 218,14-02-2026 11:17,14-02-2026 11:17
219,,219,Post Title 219,Description for user 219,14-02-2026 11:17,14-02-2026 11:17
220,,220,Post Title 220,Description for user 220,14-02-2026 11:17,14-02-2026 11:17
221,,221,Post Title 221,Description for user 221,14-02-2026 11:17,14-02-2026 11:17
222,,222,Post Title 222,Description for user 222,14-02-2026 11:17,14-02-2026 11:17
223,,223,Post Title 223,Description for user 223,14-02-2026 11:17,14-02-2026 11:17
224,,224,Post Title 224,Description for user 224,14-02-2026 11:17,14-02-2026 11:17
225,,225,Post Title 225,Description for user 225,14-02-2026 11:17,14-02-2026 11:17
226,,226,Post Title 226,Description for user 226,14-02-2026 11:17,14-02-2026 11:17
227,,227,Post Title 227,Description for user 227,14-02-2026 11:17,14-02-2026 11:17
228,,228,Post Title 228,Description for user 228,14-02-2026 11:17,14-02-2026 11:17
229,,229,Post Title 229,Description for user 229,14-02-2026 11:17,14-02-2026 11:17
230,,230,Post Title 230,Description for user 230,14-02-2026 11:17,14-02-2026 11:17
231,,231,Post Title 231,Description for user 231,14-02-2026 11:17,14-02-2026 11:17
232,,232,Post Title 232,Description for user 232,14-02-2026 11:17,14-02-2026 11:17
233,,233,Post Title 233,Description for user 233,14-02-2026 11:17,14-02-2026 11:17
234,,234,Post Title 234,Description for user 234,14-02-2026 11:17,14-02-2026 11:17
235,,235,Post Title 235,Description for user 235,14-02-2026 11:17,14-02-2026 11:17
236,,236,Post Title 236,Description for user 236,14-02-2026 11:17,14-02-2026 11:17
237,,237,Post Title 237,Description for user 237,14-02-2026 11:17,14-02-2026 11:17
238,,238,Post Title 238,Description for user 238,14-02-2026 11:17,14-02-2026 11:17
239,,239,Post Title 239,Description for user 239,14-02-2026 11:17,14-02-2026 11:17
240,,240,Post Title 240,Description for user 240,14-02-2026 11:17,14-02-2026 11:17
241,,241,Post Title 241,Description for user 241,14-02-2026 11:17,14-02-2026 11:17
242,,242,Post Title 242,Description for user 242,14-02-2026 11:17,14-02-2026 11:17
243,,243,Post Title 243,Description for user 243,14-02-2026 11:17,14-02-2026 11:17
244,,244,Post Title 244,Description for user 244,14-02-2026 11:17,14-02-2026 11:17
245,,245,Post Title 245,Description for user 245,14-02-2026 11:17,14-02-2026 11:17
246,,246,Post Title 246,Description for user 246,14-02-2026 11:17,14-02-2026 11:17
247,,247,Post Title 247,Description for user 247,14-02-2026 11:17,14-02-2026 11:17
248,,248,Post Title 248,Description for user 248,14-02-2026 11:17,14-02-2026 11:17
249,,249,Post Title 249,Description for user 249,14-02-2026 11:17,14-02-2026 11:17
250,,250,Post Title 250,Description for user 250,14-02-2026 11:17,14-02-2026 11:17
251,,251,Post Title 251,Description for user 251,14-02-2026 11:17,14-02-2026 11:17
252,,252,Post Title 252,Description for user 252,14-02-2026 11:17,14-02-2026 11:17
253,,253,Post Title 253,Description for user 253,14-02-2026 11:17,14-02-2026 11:17
254,,254,Post Title 254,Description for user 254,14-02-2026 11:17,14-02-2026 11:17
255,,255,Post Title 255,Description for user 255,14-02-2026 11:17,14-02-2026 11:17
256,,256,Post Title 256,Description for user 256,14-02-2026 11:17,14-02-2026 11:17
257,,257,Post Title 257,Description for user 257,14-02-2026 11:17,14-02-2026 11:17
258,,258,Post Title 258,Description for user 258,14-02-2026 11:17,14-02-2026 11:17
259,,259,Post Title 259,Description for user 259,14-02-2026 11:17,14-02-2026 11:17
260,,260,Post Title 260,Description for user 260,14-02-2026 11:17,14-02-2026 11:17
261,,261,Post Title 261,Description for user 261,14-02-2026 11:17,14-02-2026 11:17
262,,262,Post Title 262,Description for user 262,14-02-2026 11:17,14-02-2026 11:17
263,,263,Post Title 263,Description for user 263,14-02-2026 11:17,14-02-2026 11:17
264,,264,Post Title 264,Description for user 264,14-02-2026 11:17,14-02-2026 11:17
265,,265,Post Title 265,Description for user 265,14-02-2026 11:17,14-02-2026 11:17
266,,266,Post Title 266,Description for user 266,14-02-2026 11:17,14-02-2026 11:17
267,,267,Post Title 267,Description for user 267,14-02-2026 11:17,14-02-2026 11:17
268,,268,Post Title 268,Description for user 268,14-02-2026 11:17,14-02-2026 11:17
269,,269,Post Title 269,Description for user 269,14-02-2026 11:17,14-02-2026 11:17
270,,270,Post Title 270,Description for user 270,14-02-2026 11:17,14-02-2026 11:17
271,,271,Post Title 271,Description for user 271,14-02-2026 11:17,14-02-2026 11:17
272,,272,Post Title 272,Description for user 272,14-02-2026 11:17,14-02-2026 11:17
273,,273,Post Title 273,Description for user 273,14-02-2026 11:17,14-02-2026 11:17
274,,274,Post Title 274,Description for user 274,14-02-2026 11:17,14-02-2026 11:17
275,,275,Post Title 275,Description for user 275,14-02-2026 11:17,14-02-2026 11:17
276,,276,Post Title 276,Description for user 276,14-02-2026 11:17,14-02-2026 11:17
277,,277,Post Title 277,Description for user 277,14-02-2026 11:17,14-02-2026 11:17
278,,278,Post Title 278,Description for user 278,14-02-2026 11:17,14-02-2026 11:17
279,,279,Post Title 279,Description for user 279,14-02-2026 11:17,14-02-2026 11:17
280,,280,Post Title 280,Description for user 280,14-02-2026 11:17,14-02-2026 11:17
281,,281,Post Title 281,Description for user 281,14-02-2026 11:17,14-02-2026 11:17
282,,282,Post Title 282,Description for user 282,14-02-2026 11:17,14-02-2026 11:17
283,,283,Post Title 283,Description for user 283,14-02-2026 11:17,14-02-2026 11:17
284,,284,Post Title 284,Description for user 284,14-02-2026 11:17,14-02-2026 11:17
285,,285,Post Title 285,Description for user 285,14-02-2026 11:17,14-02-2026 11:17
286,,286,Post Title 286,Description for user 286,14-02-2026 11:17,14-02-2026 11:17
287,,287,Post Title 287,Description for user 287,14-02-2026 11:17,14-02-2026 11:17
288,,288,Post Title 288,Description for user 288,14-02-2026 11:17,14-02-2026 11:17
289,,289,Post Title 289,Description for user 289,14-02-2026 11:17,14-02-2026 11:17
290,,290,Post Title 290,Description for user 290,14-02-2026 11:17,14-02-2026 11:17
291,,291,Post Title 291,Description for user 291,14-02-2026 11:17,14-02-2026 11:17
292,,292,Post Title 292,Description for user 292,14-02-2026 11:17,14-02-2026 11:17
293,,293,Post Title 293,Description for user 293,14-02-2026 11:17,14-02-2026 11:17
294,,294,Post Title 294,Description for user 294,14-02-2026 11:17,14-02-2026 11:17
295,,295,Post Title 295,Description for user 295,14-02-2026 11:17,14-02-2026 11:17
296,,296,Post Title 296,Description for user 296,14-02-2026 11:17,14-02-2026 11:17
297,,297,Post Title 297,Description for user 297,14-02-2026 11:17,14-02-2026 11:17
298,,298,Post Title 298,Description for user 298,14-02-2026 11:17,14-02-2026 11:17
299,,299,Post Title 299,Description for user 299,14-02-2026 11:17,14-02-2026 11:17
300,,300,Post Title 300,Description for user 300,14-02-2026 11:17,14-02-2026 11:17
301,,301,Post Title 301,Description for user 301,14-02-2026 11:17,14-02-2026 11:17
302,,302,Post Title 302,Description for user 302,14-02-2026 11:17,14-02-2026 11:17
303,,303,Post Title 303,Description for user 303,14-02-2026 11:17,14-02-2026 11:17
304,,304,Post Title 304,Description for user 304,14-02-2026 11:17,14-02-2026 11:17
305,,305,Post Title 305,Description for user 305,14-02-2026 11:17,14-02-2026 11:17
306,,306,Post Title 306,Description for user 306,14-02-2026 11:17,14-02-2026 11:17
307,,307,Post Title 307,Description for user 307,14-02-2026 11:17,14-02-2026 11:17
308,,308,Post Title 308,Description for user 308,14-02-2026 11:17,14-02-2026 11:17
309,,309,Post Title 309,Description for user 309,14-02-2026 11:17,14-02-2026 11:17
310,,310,Post Title 310,Description for user 310,14-02-2026 11:17,14-02-2026 11:17
311,,311,Post Title 311,Description for user 311,14-02-2026 11:17,14-02-2026 11:17
312,,312,Post Title 312,Description for user 312,14-02-2026 11:17,14-02-2026 11:17
313,,313,Post Title 313,Description for user 313,14-02-2026 11:17,14-02-2026 11:17
314,,314,Post Title 314,Description for user 314,14-02-2026 11:17,14-02-2026 11:17
315,,315,Post Title 315,Description for user 315,14-02-2026 11:17,14-02-2026 11:17
316,,316,Post Title 316,Description for user 316,14-02-2026 11:17,14-02-2026 11:17
317,,317,Post Title 317,Description for user 317,14-02-2026 11:17,14-02-2026 11:17
318,,318,Post Title 318,Description for user 318,14-02-2026 11:17,14-02-2026 11:17
319,,319,Post Title 319,Description for user 319,14-02-2026 11:17,14-02-2026 11:17
320,,320,Post Title 320,Description for user 320,14-02-2026 11:17,14-02-2026 11:17
321,,321,Post Title 321,Description for user 321,14-02-2026 11:17,14-02-2026 11:17
322,,322,Post Title 322,Description for user 322,14-02-2026 11:17,14-02-2026 11:17
323,,323,Post Title 323,Description for user 323,14-02-2026 11:17,14-02-2026 11:17
324,,324,Post Title 324,Description for user 324,14-02-2026 11:17,14-02-2026 11:17
325,,325,Post Title 325,Description for user 325,14-02-2026 11:17,14-02-2026 11:17
326,,326,Post Title 326,Description for user 326,14-02-2026 11:17,14-02-2026 11:17
327,,327,Post Title 327,Description for user 327,14-02-2026 11:17,14-02-2026 11:17
328,,328,Post Title 328,Description for user 328,14-02-2026 11:17,14-02-2026 11:17
329,,329,Post Title 329,Description for user 329,14-02-2026 11:17,14-02-2026 11:17
330,,330,Post Title 330,Description for user 330,14-02-2026 11:17,14-02-2026 11:17
331,,331,Post Title 331,Description for user 331,14-02-2026 11:17,14-02-2026 11:17
332,,332,Post Title 332,Description for user 332,14-02-2026 11:17,14-02-2026 11:17
333,,333,Post Title 333,Description for user 333,14-02-2026 11:17,14-02-2026 11:17
334,,334,Post Title 334,Description for user 334,14-02-2026 11:17,14-02-2026 11:17
335,,335,Post Title 335,Description for user 335,14-02-2026 11:17,14-02-2026 11:17
336,,336,Post Title 336,Description for user 336,14-02-2026 11:17,14-02-2026 11:17
337,,337,Post Title 337,Description for user 337,14-02-2026 11:17,14-02-2026 11:17
338,,338,Post Title 338,Description for user 338,14-02-2026 11:17,14-02-2026 11:17
339,,339,Post Title 339,Description for user 339,14-02-2026 11:17,14-02-2026 11:17
340,,340,Post Title 340,Description for user 340,14-02-2026 11:17,14-02-2026 11:17
341,,341,Post Title 341,Description for user 341,14-02-2026 11:17,14-02-2026 11:17
342,,342,Post Title 342,Description for user 342,14-02-2026 11:17,14-02-2026 11:17
343,,343,Post Title 343,Description for user 343,14-02-2026 11:17,14-02-2026 11:17
344,,344,Post Title 344,Description for user 344,14-02-2026 11:17,14-02-2026 11:17
345,,345,Post Title 345,Description for user 345,14-02-2026 11:17,14-02-2026 11:17
346,,346,Post Title 346,Description for user 346,14-02-2026 11:17,14-02-2026 11:17
347,,347,Post Title 347,Description for user 347,14-02-2026 11:17,14-02-2026 11:17
348,,348,Post Title 348,Description for user 348,14-02-2026 11:17,14-02-2026 11:17
349,,349,Post Title 349,Description for user 349,14-02-2026 11:17,14-02-2026 11:17
350,,350,Post Title 350,Description for user 350,14-02-2026 11:17,14-02-2026 11:17
351,,351,Post Title 351,Description for user 351,14-02-2026 11:17,14-02-2026 11:17
352,,352,Post Title 352,Description for user 352,14-02-2026 11:17,14-02-2026 11:17
353,,353,Post Title 353,Description for user 353,14-02-2026 11:17,14-02-2026 11:17
354,,354,Post Title 354,Description for user 354,14-02-2026 11:17,14-02-2026 11:17
355,,355,Post Title 355,Description for user 355,14-02-2026 11:17,14-02-2026 11:17
356,,356,Post Title 356,Description for user 356,14-02-2026 11:17,14-02-2026 11:17
357,,357,Post Title 357,Description for user 357,14-02-2026 11:17,14-02-2026 11:17
358,,358,Post Title 358,Description for user 358,14-02-2026 11:17,14-02-2026 11:17
359,,359,Post Title 359,Description for user 359,14-02-2026 11:17,14-02-2026 11:17
360,,360,Post Title 360,Description for user 360,14-02-2026 11:17,14-02-2026 11:17
361,,361,Post Title 361,Description for user 361,14-02-2026 11:17,14-02-2026 11:17
362,,362,Post Title 362,Description for user 362,14-02-2026 11:17,14-02-2026 11:17
363,,363,Post Title 363,Description for user 363,14-02-2026 11:17,14-02-2026 11:17
364,,364,Post Title 364,Description for user 364,14-02-2026 11:17,14-02-2026 11:17
365,,365,Post Title 365,Description for user 365,14-02-2026 11:17,14-02-2026 11:17
366,,366,Post Title 366,Description for user 366,14-02-2026 11:17,14-02-2026 11:17
367,,367,Post Title 367,Description for user 367,14-02-2026 11:17,14-02-2026 11:17
368,,368,Post Title 368,Description for user 368,14-02-2026 11:17,14-02-2026 11:17
369,,369,Post Title 369,Description for user 369,14-02-2026 11:17,14-02-2026 11:17
370,,370,Post Title 370,Description for user 370,14-02-2026 11:17,14-02-2026 11:17
371,,371,Post Title 371,Description for user 371,14-02-2026 11:17,14-02-2026 11:17
372,,372,Post Title 372,Description for user 372,14-02-2026 11:17,14-02-2026 11:17
373,,373,Post Title 373,Description for user 373,14-02-2026 11:17,14-02-2026 11:17
374,,374,Post Title 374,Description for user 374,14-02-2026 11:17,14-02-2026 11:17
375,,375,Post Title 375,Description for user 375,14-02-2026 11:17,14-02-2026 11:17
376,,376,Post Title 376,Description for user 376,14-02-2026 11:17,14-02-2026 11:17
377,,377,Post Title 377,Description for user 377,14-02-2026 11:17,14-02-2026 11:17
378,,378,Post Title 378,Description for user 378,14-02-2026 11:17,14-02-2026 11:17
379,,379,Post Title 379,Description for user 379,14-02-2026 11:17,14-02-2026 11:17
380,,380,Post Title 380,Description for user 380,14-02-2026 11:17,14-02-2026 11:17
381,,381,Post Title 381,Description for user 381,14-02-2026 11:17,14-02-2026 11:17
382,,382,Post Title 382,Description for user 382,14-02-2026 11:17,14-02-2026 11:17
383,,383,Post Title 383,Description for user 383,14-02-2026 11:17,14-02-2026 11:17
384,,384,Post Title 384,Description for user 384,14-02-2026 11:17,14-02-2026 11:17
385,,385,Post Title 385,Description for user 385,14-02-2026 11:17,14-02-2026 11:17
386,,386,Post Title 386,Description for user 386,14-02-2026 11:17,14-02-2026 11:17
387,,387,Post Title 387,Description for user 387,14-02-2026 11:17,14-02-2026 11:17
388,,388,Post Title 388,Description for user 388,14-02-2026 11:17,14-02-2026 11:17
389,,389,Post Title 389,Description for user 389,14-02-2026 11:17,14-02-2026 11:17
390,,390,Post Title 390,Description for user 390,14-02-2026 11:17,14-02-2026 11:17
391,,391,Post Title 391,Description for user 391,14-02-2026 11:17,14-02-2026 11:17
392,,392,Post Title 392,Description for user 392,14-02-2026 11:17,14-02-2026 11:17
393,,393,Post Title 393,Description for user 393,14-02-2026 11:17,14-02-2026 11:17
394,,394,Post Title 394,Description for user 394,14-02-2026 11:17,14-02-2026 11:17
395,,395,Post Title 395,Description for user 395,14-02-2026 11:17,14-02-2026 11:17
396,,396,Post Title 396,Description for user 396,14-02-2026 11:17,14-02-2026 11:17
397,,397,Post Title 397,Description for user 397,14-02-2026 11:17,14-02-2026 11:17
398,,398,Post Title 398,Description for user 398,14-02-2026 11:17,14-02-2026 11:17
399,,399,Post Title 399,Description for user 399,14-02-2026 11:17,14-02-2026 11:17
400,,400,Post Title 400,Description for user 400,14-02-2026 11:17,14-02-2026 11:17
401,,401,Post Title 401,Description for user 401,14-02-2026 11:17,14-02-2026 11:17
402,,402,Post Title 402,Description for user 402,14-02-2026 11:17,14-02-2026 11:17
403,,403,Post Title 403,Description for user 403,14-02-2026 11:17,14-02-2026 11:17
404,,404,Post Title 404,Description for user 404,14-02-2026 11:17,14-02-2026 11:17
405,,405,Post Title 405,Description for user 405,14-02-2026 11:17,14-02-2026 11:17
406,,406,Post Title 406,Description for user 406,14-02-2026 11:17,14-02-2026 11:17
407,,407,Post Title 407,Description for user 407,14-02-2026 11:17,14-02-2026 11:17
408,,408,Post Title 408,Description for user 408,14-02-2026 11:17,14-02-2026 11:17
409,,409,Post Title 409,Description for user 409,14-02-2026 11:17,14-02-2026 11:17
410,,410,Post Title 410,Description for user 410,14-02-2026 11:17,14-02-2026 11:17
411,,411,Post Title 411,Description for user 411,14-02-2026 11:17,14-02-2026 11:17
412,,412,Post Title 412,Description for user 412,14-02-2026 11:17,14-02-2026 11:17
413,,413,Post Title 413,Description for user 413,14-02-2026 11:17,14-02-2026 11:17
414,,414,Post Title 414,Description for user 414,14-02-2026 11:17,14-02-2026 11:17
415,,415,Post Title 415,Description for user 415,14-02-2026 11:17,14-02-2026 11:17
416,,416,Post Title 416,Description for user 416,14-02-2026 11:17,14-02-2026 11:17
417,,417,Post Title 417,Description for user 417,14-02-2026 11:17,14-02-2026 11:17
418,,418,Post Title 418,Description for user 418,14-02-2026 11:17,14-02-2026 11:17
419,,419,Post Title 419,Description for user 419,14-02-2026 11:17,14-02-2026 11:17
420,,420,Post Title 420,Description for user 420,14-02-2026 11:17,14-02-2026 11:17
421,,421,Post Title 421,Description for user 421,14-02-2026 11:17,14-02-2026 11:17
422,,422,Post Title 422,Description for user 422,14-02-2026 11:17,14-02-2026 11:17
423,,423,Post Title 423,Description for user 423,14-02-2026 11:17,14-02-2026 11:17
424,,424,Post Title 424,Description for user 424,14-02-2026 11:17,14-02-2026 11:17
425,,425,Post Title 425,Description for user 425,14-02-2026 11:17,14-02-2026 11:17
426,,426,Post Title 426,Description for user 426,14-02-2026 11:17,14-02-2026 11:17
427,,427,Post Title 427,Description for user 427,14-02-2026 11:17,14-02-2026 11:17
428,,428,Post Title 428,Description for user 428,14-02-2026 11:17,14-02-2026 11:17
429,,429,Post Title 429,Description for user 429,14-02-2026 11:17,14-02-2026 11:17
430,,430,Post Title 430,Description for user 430,14-02-2026 11:17,14-02-2026 11:17
431,,431,Post Title 431,Description for user 431,14-02-2026 11:17,14-02-2026 11:17
432,,432,Post Title 432,Description for user 432,14-02-2026 11:17,14-02-2026 11:17
433,,433,Post Title 433,Description for user 433,14-02-2026 11:17,14-02-2026 11:17
434,,434,Post Title 434,Description for user 434,14-02-2026 11:17,14-02-2026 11:17
435,,435,Post Title 435,Description for user 435,14-02-2026 11:17,14-02-2026 11:17
436,,436,Post Title 436,Description for user 436,14-02-2026 11:17,14-02-2026 11:17
437,,437,Post Title 437,Description for user 437,14-02-2026 11:17,14-02-2026 11:17
438,,438,Post Title 438,Description for user 438,14-02-2026 11:17,14-02-2026 11:17
439,,439,Post Title 439,Description for user 439,14-02-2026 11:17,14-02-2026 11:17
440,,440,Post Title 440,Description for user 440,14-02-2026 11:17,14-02-2026 11:17
441,,441,Post Title 441,Description for user 441,14-02-2026 11:17,14-02-2026 11:17
442,,442,Post Title 442,Description for user 442,14-02-2026 11:17,14-02-2026 11:17
443,,443,Post Title 443,Description for user 443,14-02-2026 11:17,14-02-2026 11:17
444,,444,Post Title 444,Description for user 444,14-02-2026 11:17,14-02-2026 11:17
445,,445,Post Title 445,Description for user 445,14-02-2026 11:17,14-02-2026 11:17
446,,446,Post Title 446,Description for user 446,14-02-2026 11:17,14-02-2026 11:17
447,,447,Post Title 447,Description for user 447,14-02-2026 11:17,14-02-2026 11:17
448,,448,Post Title 448,Description for user 448,14-02-2026 11:17,14-02-2026 11:17
449,,449,Post Title 449,Description for user 449,14-02-2026 11:17,14-02-2026 11:17
450,,450,Post Title 450,Description for user 450,14-02-2026 11:17,14-02-2026 11:17
451,,451,Post Title 451,Description for user 451,14-02-2026 11:17,14-02-2026 11:17
452,,452,Post Title 452,Description for user 452,14-02-2026 11:17,14-02-2026 11:17
453,,453,Post Title 453,Description for user 453,14-02-2026 11:17,14-02-2026 11:17
454,,454,Post Title 454,Description for user 454,14-02-2026 11:17,14-02-2026 11:17
455,,455,Post Title 455,Description for user 455,14-02-2026 11:17,14-02-2026 11:17
456,,456,Post Title 456,Description for user 456,14-02-2026 11:17,14-02-2026 11:17
457,,457,Post Title 457,Description for user 457,14-02-2026 11:17,14-02-2026 11:17
458,,458,Post Title 458,Description for user 458,14-02-2026 11:17,14-02-2026 11:17
459,,459,Post Title 459,Description for user 459,14-02-2026 11:17,14-02-2026 11:17
460,,460,Post Title 460,Description for user 460,14-02-2026 11:17,14-02-2026 11:17
461,,461,Post Title 461,Description for user 461,14-02-2026 11:17,14-02-2026 11:17
462,,462,Post Title 462,Description for user 462,14-02-2026 11:17,14-02-2026 11:17
463,,463,Post Title 463,Description for user 463,14-02-2026 11:17,14-02-2026 11:17
464,,464,Post Title 464,Description for user 464,14-02-2026 11:17,14-02-2026 11:17
465,,465,Post Title 465,Description for user 465,14-02-2026 11:17,14-02-2026 11:17
466,,466,Post Title 466,Description for user 466,14-02-2026 11:17,14-02-2026 11:17
467,,467,Post Title 467,Description for user 467,14-02-2026 11:17,14-02-2026 11:17
468,,468,Post Title 468,Description for user 468,14-02-2026 11:17,14-02-2026 11:17
469,,469,Post Title 469,Description for user 469,14-02-2026 11:17,14-02-2026 11:17
470,,470,Post Title 470,Description for user 470,14-02-2026 11:17,14-02-2026 11:17
471,,471,Post Title 471,Description for user 471,14-02-2026 11:17,14-02-2026 11:17
472,,472,Post Title 472,Description for user 472,14-02-2026 11:17,14-02-2026 11:17
473,,473,Post Title 473,Description for user 473,14-02-2026 11:17,14-02-2026 11:17
474,,474,Post Title 474,Description for user 474,14-02-2026 11:17,14-02-2026 11:17
475,,475,Post Title 475,Description for user 475,14-02-2026 11:17,14-02-2026 11:17
476,,476,Post Title 476,Description for user 476,14-02-2026 11:17,14-02-2026 11:17
477,,477,Post Title 477,Description for user 477,14-02-2026 11:17,14-02-2026 11:17
478,,478,Post Title 478,Description for user 478,14-02-2026 11:17,14-02-2026 11:17
479,,479,Post Title 479,Description for user 479,14-02-2026 11:17,14-02-2026 11:17
480,,480,Post Title 480,Description for user 480,14-02-2026 11:17,14-02-2026 11:17
481,,481,Post Title 481,Description for user 481,14-02-2026 11:17,14-02-2026 11:17
482,,482,Post Title 482,Description for user 482,14-02-2026 11:17,14-02-2026 11:17
483,,483,Post Title 483,Description for user 483,14-02-2026 11:17,14-02-2026 11:17
484,,484,Post Title 484,Description for user 484,14-02-2026 11:17,14-02-2026 11:17
485,,485,Post Title 485,Description for user 485,14-02-2026 11:17,14-02-2026 11:17
486,,486,Post Title 486,Description for user 486,14-02-2026 11:17,14-02-2026 11:17
487,,487,Post Title 487,Description for user 487,14-02-2026 11:17,14-02-2026 11:17
488,,488,Post Title 488,Description for user 488,14-02-2026 11:17,14-02-2026 11:17
489,,489,Post Title 489,Description for user 489,14-02-2026 11:17,14-02-2026 11:17
490,,490,Post Title 490,Description for user 490,14-02-2026 11:17,14-02-2026 11:17
491,,491,Post Title 491,Description for user 491,14-02-2026 11:17,14-02-2026 11:17
492,,492,Post Title 492,Description for user 492,14-02-2026 11:17,14-02-2026 11:17
493,,493,Post Title 493,Description for user 493,14-02-2026 11:17,14-02-2026 11:17
494,,494,Post Title 494,Description for user 494,14-02-2026 11:17,14-02-2026 11:17
495,,495,Post Title 495,Description for user 495,14-02-2026 11:17,14-02-2026 11:17
496,,496,Post Title 496,Description for user 496,14-02-2026 11:17,14-02-2026 11:17
497,,497,Post Title 497,Description for user 497,14-02-2026 11:17,14-02-2026 11:17
498,,498,Post Title 498,Description for user 498,14-02-2026 11:17,14-02-2026 11:17
499,,499,Post Title 499,Description for user 499,14-02-2026 11:17,14-02-2026 11:17
500,,500,Post Title 500,Description for user 500,14-02-2026 11:17,14-02-2026 11:17
501,,501,Post Title 501,Description for user 501,14-02-2026 11:17,14-02-2026 11:17
502,,502,Post Title 502,Description for user 502,14-02-2026 11:17,14-02-2026 11:17
503,,503,Post Title 503,Description for user 503,14-02-2026 11:17,14-02-2026 11:17
504,,504,Post Title 504,Description for user 504,14-02-2026 11:17,14-02-2026 11:17
505,,505,Post Title 505,Description for user 505,14-02-2026 11:17,14-02-2026 11:17
506,,506,Post Title 506,Description for user 506,14-02-2026 11:17,14-02-2026 11:17
507,,507,Post Title 507,Description for user 507,14-02-2026 11:17,14-02-2026 11:17
508,,508,Post Title 508,Description for user 508,14-02-2026 11:17,14-02-2026 11:17
509,,509,Post Title 509,Description for user 509,14-02-2026 11:17,14-02-2026 11:17
510,,510,Post Title 510,Description for user 510,14-02-2026 11:17,14-02-2026 11:17
511,,511,Post Title 511,Description for user 511,14-02-2026 11:17,14-02-2026 11:17
512,,512,Post Title 512,Description for user 512,14-02-2026 11:17,14-02-2026 11:17
513,,513,Post Title 513,Description for user 513,14-02-2026 11:17,14-02-2026 11:17
514,,514,Post Title 514,Description for user 514,14-02-2026 11:17,14-02-2026 11:17
515,,515,Post Title 515,Description for user 515,14-02-2026 11:17,14-02-2026 11:17
516,,516,Post Title 516,Description for user 516,14-02-2026 11:17,14-02-2026 11:17
517,,517,Post Title 517,Description for user 517,14-02-2026 11:17,14-02-2026 11:17
518,,518,Post Title 518,Description for user 518,14-02-2026 11:17,14-02-2026 11:17
519,,519,Post Title 519,Description for user 519,14-02-2026 11:17,14-02-2026 11:17
520,,520,Post Title 520,Description for user 520,14-02-2026 11:17,14-02-2026 11:17
521,,521,Post Title 521,Description for user 521,14-02-2026 11:17,14-02-2026 11:17
522,,522,Post Title 522,Description for user 522,14-02-2026 11:17,14-02-2026 11:17
523,,523,Post Title 523,Description for user 523,14-02-2026 11:17,14-02-2026 11:17
524,,524,Post Title 524,Description for user 524,14-02-2026 11:17,14-02-2026 11:17
525,,525,Post Title 525,Description for user 525,14-02-2026 11:17,14-02-2026 11:17
526,,526,Post Title 526,Description for user 526,14-02-2026 11:17,14-02-2026 11:17
527,,527,Post Title 527,Description for user 527,14-02-2026 11:17,14-02-2026 11:17
528,,528,Post Title 528,Description for user 528,14-02-2026 11:17,14-02-2026 11:17
529,,529,Post Title 529,Description for user 529,14-02-2026 11:17,14-02-2026 11:17
530,,530,Post Title 530,Description for user 530,14-02-2026 11:17,14-02-2026 11:17
531,,531,Post Title 531,Description for user 531,14-02-2026 11:17,14-02-2026 11:17
532,,532,Post Title 532,Description for user 532,14-02-2026 11:17,14-02-2026 11:17
533,,533,Post Title 533,Description for user 533,14-02-2026 11:17,14-02-2026 11:17
534,,534,Post Title 534,Description for user 534,14-02-2026 11:17,14-02-2026 11:17
535,,535,Post Title 535,Description for user 535,14-02-2026 11:17,14-02-2026 11:17
536,,536,Post Title 536,Description for user 536,14-02-2026 11:17,14-02-2026 11:17
537,,537,Post Title 537,Description for user 537,14-02-2026 11:17,14-02-2026 11:17
538,,538,Post Title 538,Description for user 538,14-02-2026 11:17,14-02-2026 11:17
539,,539,Post Title 539,Description for user 539,14-02-2026 11:17,14-02-2026 11:17
540,,540,Post Title 540,Description for user 540,14-02-2026 11:17,14-02-2026 11:17
541,,541,Post Title 541,Description for user 541,14-02-2026 11:17,14-02-2026 11:17
542,,542,Post Title 542,Description for user 542,14-02-2026 11:17,14-02-2026 11:17
543,,543,Post Title 543,Description for user 543,14-02-2026 11:17,14-02-2026 11:17
544,,544,Post Title 544,Description for user 544,14-02-2026 11:17,14-02-2026 11:17
545,,545,Post Title 545,Description for user 545,14-02-2026 11:17,14-02-2026 11:17
546,,546,Post Title 546,Description for user 546,14-02-2026 11:17,14-02-2026 11:17
547,,547,Post Title 547,Description for user 547,14-02-2026 11:17,14-02-2026 11:17
548,,548,Post Title 548,Description for user 548,14-02-2026 11:17,14-02-2026 11:17
549,,549,Post Title 549,Description for user 549,14-02-2026 11:17,14-02-2026 11:17
550,,550,Post Title 550,Description for user 550,14-02-2026 11:17,14-02-2026 11:17
551,,551,Post Title 551,Description for user 551,14-02-2026 11:17,14-02-2026 11:17
552,,552,Post Title 552,Description for user 552,14-02-2026 11:17,14-02-2026 11:17
553,,553,Post Title 553,Description for user 553,14-02-2026 11:17,14-02-2026 11:17
554,,554,Post Title 554,Description for user 554,14-02-2026 11:17,14-02-2026 11:17
555,,555,Post Title 555,Description for user 555,14-02-2026 11:17,14-02-2026 11:17
556,,556,Post Title 556,Description for user 556,14-02-2026 11:17,14-02-2026 11:17
557,,557,Post Title 557,Description for user 557,14-02-2026 11:17,14-02-2026 11:17
558,,558,Post Title 558,Description for user 558,14-02-2026 11:17,14-02-2026 11:17
559,,559,Post Title 559,Description for user 559,14-02-2026 11:17,14-02-2026 11:17
560,,560,Post Title 560,Description for user 560,14-02-2026 11:17,14-02-2026 11:17
561,,561,Post Title 561,Description for user 561,14-02-2026 11:17,14-02-2026 11:17
562,,562,Post Title 562,Description for user 562,14-02-2026 11:17,14-02-2026 11:17
563,,563,Post Title 563,Description for user 563,14-02-2026 11:17,14-02-2026 11:17
564,,564,Post Title 564,Description for user 564,14-02-2026 11:17,14-02-2026 11:17
565,,565,Post Title 565,Description for user 565,14-02-2026 11:17,14-02-2026 11:17
566,,566,Post Title 566,Description for user 566,14-02-2026 11:17,14-02-2026 11:17
567,,567,Post Title 567,Description for user 567,14-02-2026 11:17,14-02-2026 11:17
568,,568,Post Title 568,Description for user 568,14-02-2026 11:17,14-02-2026 11:17
569,,569,Post Title 569,Description for user 569,14-02-2026 11:17,14-02-2026 11:17
570,,570,Post Title 570,Description for user 570,14-02-2026 11:17,14-02-2026 11:17
571,,571,Post Title 571,Description for user 571,14-02-2026 11:17,14-02-2026 11:17
572,,572,Post Title 572,Description for user 572,14-02-2026 11:17,14-02-2026 11:17
573,,573,Post Title 573,Description for user 573,14-02-2026 11:17,14-02-2026 11:17
574,,574,Post Title 574,Description for user 574,14-02-2026 11:17,14-02-2026 11:17
575,,575,Post Title 575,Description for user 575,14-02-2026 11:17,14-02-2026 11:17
576,,576,Post Title 576,Description for user 576,14-02-2026 11:17,14-02-2026 11:17
577,,577,Post Title 577,Description for user 577,14-02-2026 11:17,14-02-2026 11:17
578,,578,Post Title 578,Description for user 578,14-02-2026 11:17,14-02-2026 11:17
579,,579,Post Title 579,Description for user 579,14-02-2026 11:17,14-02-2026 11:17
580,,580,Post Title 580,Description for user 580,14-02-2026 11:17,14-02-2026 11:17
581,,581,Post Title 581,Description for user 581,14-02-2026 11:17,14-02-2026 11:17
582,,582,Post Title 582,Description for user 582,14-02-2026 11:17,14-02-2026 11:17
583,,583,Post Title 583,Description for user 583,14-02-2026 11:17,14-02-2026 11:17
584,,584,Post Title 584,Description for user 584,14-02-2026 11:17,14-02-2026 11:17
585,,585,Post Title 585,Description for user 585,14-02-2026 11:17,14-02-2026 11:17
586,,586,Post Title 586,Description for user 586,14-02-2026 11:17,14-02-2026 11:17
587,,587,Post Title 587,Description for user 587,14-02-2026 11:17,14-02-2026 11:17
588,,588,Post Title 588,Description for user 588,14-02-2026 11:17,14-02-2026 11:17
589,,589,Post Title 589,Description for user 589,14-02-2026 11:17,14-02-2026 11:17
590,,590,Post Title 590,Description for user 590,14-02-2026 11:17,14-02-2026 11:17
591,,591,Post Title 591,Description for user 591,14-02-2026 11:17,14-02-2026 11:17
592,,592,Post Title 592,Description for user 592,14-02-2026 11:17,14-02-2026 11:17
593,,593,Post Title 593,Description for user 593,14-02-2026 11:17,14-02-2026 11:17
594,,594,Post Title 594,Description for user 594,14-02-2026 11:17,14-02-2026 11:17
595,,595,Post Title 595,Description for user 595,14-02-2026 11:17,14-02-2026 11:17
596,,596,Post Title 596,Description for user 596,14-02-2026 11:17,14-02-2026 11:17
597,,597,Post Title 597,Description for user 597,14-02-2026 11:17,14-02-2026 11:17
598,,598,Post Title 598,Description for user 598,14-02-2026 11:17,14-02-2026 11:17
599,,599,Post Title 599,Description for user 599,14-02-2026 11:17,14-02-2026 11:17
600,,600,Post Title 600,Description for user 600,14-02-2026 11:17,14-02-2026 11:17
601,,601,Post Title 601,Description for user 601,14-02-2026 11:17,14-02-2026 11:17
602,,602,Post Title 602,Description for user 602,14-02-2026 11:17,14-02-2026 11:17
603,,603,Post Title 603,Description for user 603,14-02-2026 11:17,14-02-2026 11:17
604,,604,Post Title 604,Description for user 604,14-02-2026 11:17,14-02-2026 11:17
605,,605,Post Title 605,Description for user 605,14-02-2026 11:17,14-02-2026 11:17
606,,606,Post Title 606,Description for user 606,14-02-2026 11:17,14-02-2026 11:17
607,,607,Post Title 607,Description for user 607,14-02-2026 11:17,14-02-2026 11:17
608,,608,Post Title 608,Description for user 608,14-02-2026 11:17,14-02-2026 11:17
609,,609,Post Title 609,Description for user 609,14-02-2026 11:17,14-02-2026 11:17
610,,610,Post Title 610,Description for user 610,14-02-2026 11:17,14-02-2026 11:17
611,,611,Post Title 611,Description for user 611,14-02-2026 11:17,14-02-2026 11:17
612,,612,Post Title 612,Description for user 612,14-02-2026 11:17,14-02-2026 11:17
613,,613,Post Title 613,Description for user 613,14-02-2026 11:17,14-02-2026 11:17
614,,614,Post Title 614,Description for user 614,14-02-2026 11:17,14-02-2026 11:17
615,,615,Post Title 615,Description for user 615,14-02-2026 11:17,14-02-2026 11:17
616,,616,Post Title 616,Description for user 616,14-02-2026 11:17,14-02-2026 11:17
617,,617,Post Title 617,Description for user 617,14-02-2026 11:17,14-02-2026 11:17
618,,618,Post Title 618,Description for user 618,14-02-2026 11:17,14-02-2026 11:17
619,,619,Post Title 619,Description for user 619,14-02-2026 11:17,14-02-2026 11:17
620,,620,Post Title 620,Description for user 620,14-02-2026 11:17,14-02-2026 11:17
621,,621,Post Title 621,Description for user 621,14-02-2026 11:17,14-02-2026 11:17
622,,622,Post Title 622,Description for user 622,14-02-2026 11:17,14-02-2026 11:17
623,,623,Post Title 623,Description for user 623,14-02-2026 11:17,14-02-2026 11:17
624,,624,Post Title 624,Description for user 624,14-02-2026 11:17,14-02-2026 11:17
625,,625,Post Title 625,Description for user 625,14-02-2026 11:17,14-02-2026 11:17
626,,626,Post Title 626,Description for user 626,14-02-2026 11:17,14-02-2026 11:17
627,,627,Post Title 627,Description for user 627,14-02-2026 11:17,14-02-2026 11:17
628,,628,Post Title 628,Description for user 628,14-02-2026 11:17,14-02-2026 11:17
629,,629,Post Title 629,Description for user 629,14-02-2026 11:17,14-02-2026 11:17
630,,630,Post Title 630,Description for user 630,14-02-2026 11:17,14-02-2026 11:17
631,,631,Post Title 631,Description for user 631,14-02-2026 11:17,14-02-2026 11:17
632,,632,Post Title 632,Description for user 632,14-02-2026 11:17,14-02-2026 11:17
633,,633,Post Title 633,Description for user 633,14-02-2026 11:17,14-02-2026 11:17
634,,634,Post Title 634,Description for user 634,14-02-2026 11:17,14-02-2026 11:17
635,,635,Post Title 635,Description for user 635,14-02-2026 11:17,14-02-2026 11:17
636,,636,Post Title 636,Description for user 636,14-02-2026 11:17,14-02-2026 11:17
637,,637,Post Title 637,Description for user 637,14-02-2026 11:17,14-02-2026 11:17
638,,638,Post Title 638,Description for user 638,14-02-2026 11:17,14-02-2026 11:17
639,,639,Post Title 639,Description for user 639,14-02-2026 11:17,14-02-2026 11:17
640,,640,Post Title 640,Description for user 640,14-02-2026 11:17,14-02-2026 11:17
641,,641,Post Title 641,Description for user 641,14-02-2026 11:17,14-02-2026 11:17
642,,642,Post Title 642,Description for user 642,14-02-2026 11:17,14-02-2026 11:17
643,,643,Post Title 643,Description for user 643,14-02-2026 11:17,14-02-2026 11:17
644,,644,Post Title 644,Description for user 644,14-02-2026 11:17,14-02-2026 11:17
645,,645,Post Title 645,Description for user 645,14-02-2026 11:17,14-02-2026 11:17
646,,646,Post Title 646,Description for user 646,14-02-2026 11:17,14-02-2026 11:17
647,,647,Post Title 647,Description for user 647,14-02-2026 11:17,14-02-2026 11:17
648,,648,Post Title 648,Description for user 648,14-02-2026 11:17,14-02-2026 11:17
649,,649,Post Title 649,Description for user 649,14-02-2026 11:17,14-02-2026 11:17
650,,650,Post Title 650,Description for user 650,14-02-2026 11:17,14-02-2026 11:17
651,,651,Post Title 651,Description for user 651,14-02-2026 11:17,14-02-2026 11:17
652,,652,Post Title 652,Description for user 652,14-02-2026 11:17,14-02-2026 11:17
653,,653,Post Title 653,Description for user 653,14-02-2026 11:17,14-02-2026 11:17
654,,654,Post Title 654,Description for user 654,14-02-2026 11:17,14-02-2026 11:17
655,,655,Post Title 655,Description for user 655,14-02-2026 11:17,14-02-2026 11:17
656,,656,Post Title 656,Description for user 656,14-02-2026 11:17,14-02-2026 11:17
657,,657,Post Title 657,Description for user 657,14-02-2026 11:17,14-02-2026 11:17
658,,658,Post Title 658,Description for user 658,14-02-2026 11:17,14-02-2026 11:17
659,,659,Post Title 659,Description for user 659,14-02-2026 11:17,14-02-2026 11:17
660,,660,Post Title 660,Description for user 660,14-02-2026 11:17,14-02-2026 11:17
661,,661,Post Title 661,Description for user 661,14-02-2026 11:17,14-02-2026 11:17
662,,662,Post Title 662,Description for user 662,14-02-2026 11:17,14-02-2026 11:17
663,,663,Post Title 663,Description for user 663,14-02-2026 11:17,14-02-2026 11:17
664,,664,Post Title 664,Description for user 664,14-02-2026 11:17,14-02-2026 11:17
665,,665,Post Title 665,Description for user 665,14-02-2026 11:17,14-02-2026 11:17
666,,666,Post Title 666,Description for user 666,14-02-2026 11:17,14-02-2026 11:17
667,,667,Post Title 667,Description for user 667,14-02-2026 11:17,14-02-2026 11:17
668,,668,Post Title 668,Description for user 668,14-02-2026 11:17,14-02-2026 11:17
669,,669,Post Title 669,Description for user 669,14-02-2026 11:17,14-02-2026 11:17
670,,670,Post Title 670,Description for user 670,14-02-2026 11:17,14-02-2026 11:17
671,,671,Post Title 671,Description for user 671,14-02-2026 11:17,14-02-2026 11:17
672,,672,Post Title 672,Description for user 672,14-02-2026 11:17,14-02-2026 11:17
673,,673,Post Title 673,Description for user 673,14-02-2026 11:17,14-02-2026 11:17
674,,674,Post Title 674,Description for user 674,14-02-2026 11:17,14-02-2026 11:17
675,,675,Post Title 675,Description for user 675,14-02-2026 11:17,14-02-2026 11:17
676,,676,Post Title 676,Description for user 676,14-02-2026 11:17,14-02-2026 11:17
677,,677,Post Title 677,Description for user 677,14-02-2026 11:17,14-02-2026 11:17
678,,678,Post Title 678,Description for user 678,14-02-2026 11:17,14-02-2026 11:17
679,,679,Post Title 679,Description for user 679,14-02-2026 11:17,14-02-2026 11:17
680,,680,Post Title 680,Description for user 680,14-02-2026 11:17,14-02-2026 11:17
681,,681,Post Title 681,Description for user 681,14-02-2026 11:17,14-02-2026 11:17
682,,682,Post Title 682,Description for user 682,14-02-2026 11:17,14-02-2026 11:17
683,,683,Post Title 683,Description for user 683,14-02-2026 11:17,14-02-2026 11:17
684,,684,Post Title 684,Description for user 684,14-02-2026 11:17,14-02-2026 11:17
685,,685,Post Title 685,Description for user 685,14-02-2026 11:17,14-02-2026 11:17
686,,686,Post Title 686,Description for user 686,14-02-2026 11:17,14-02-2026 11:17
687,,687,Post Title 687,Description for user 687,14-02-2026 11:17,14-02-2026 11:17
688,,688,Post Title 688,Description for user 688,14-02-2026 11:17,14-02-2026 11:17
689,,689,Post Title 689,Description for user 689,14-02-2026 11:17,14-02-2026 11:17
690,,690,Post Title 690,Description for user 690,14-02-2026 11:17,14-02-2026 11:17
691,,691,Post Title 691,Description for user 691,14-02-2026 11:17,14-02-2026 11:17
692,,692,Post Title 692,Description for user 692,14-02-2026 11:17,14-02-2026 11:17
693,,693,Post Title 693,Description for user 693,14-02-2026 11:17,14-02-2026 11:17
694,,694,Post Title 694,Description for user 694,14-02-2026 11:17,14-02-2026 11:17
695,,695,Post Title 695,Description for user 695,14-02-2026 11:17,14-02-2026 11:17
696,,696,Post Title 696,Description for user 696,14-02-2026 11:17,14-02-2026 11:17
697,,697,Post Title 697,Description for user 697,14-02-2026 11:17,14-02-2026 11:17
698,,698,Post Title 698,Description for user 698,14-02-2026 11:17,14-02-2026 11:17
699,,699,Post Title 699,Description for user 699,14-02-2026 11:17,14-02-2026 11:17
700,,700,Post Title 700,Description for user 700,14-02-2026 11:17,14-02-2026 11:17
701,,701,Post Title 701,Description for user 701,14-02-2026 11:17,14-02-2026 11:17
702,,702,Post Title 702,Description for user 702,14-02-2026 11:17,14-02-2026 11:17
703,,703,Post Title 703,Description for user 703,14-02-2026 11:17,14-02-2026 11:17
704,,704,Post Title 704,Description for user 704,14-02-2026 11:17,14-02-2026 11:17
705,,705,Post Title 705,Description for user 705,14-02-2026 11:17,14-02-2026 11:17
706,,706,Post Title 706,Description for user 706,14-02-2026 11:17,14-02-2026 11:17
707,,707,Post Title 707,Description for user 707,14-02-2026 11:17,14-02-2026 11:17
708,,708,Post Title 708,Description for user 708,14-02-2026 11:17,14-02-2026 11:17
709,,709,Post Title 709,Description for user 709,14-02-2026 11:17,14-02-2026 11:17
710,,710,Post Title 710,Description for user 710,14-02-2026 11:17,14-02-2026 11:17
711,,711,Post Title 711,Description for user 711,14-02-2026 11:17,14-02-2026 11:17
712,,712,Post Title 712,Description for user 712,14-02-2026 11:17,14-02-2026 11:17
713,,713,Post Title 713,Description for user 713,14-02-2026 11:17,14-02-2026 11:17
714,,714,Post Title 714,Description for user 714,14-02-2026 11:17,14-02-2026 11:17
715,,715,Post Title 715,Description for user 715,14-02-2026 11:17,14-02-2026 11:17
716,,716,Post Title 716,Description for user 716,14-02-2026 11:17,14-02-2026 11:17
717,,717,Post Title 717,Description for user 717,14-02-2026 11:17,14-02-2026 11:17
718,,718,Post Title 718,Description for user 718,14-02-2026 11:17,14-02-2026 11:17
719,,719,Post Title 719,Description for user 719,14-02-2026 11:17,14-02-2026 11:17
720,,720,Post Title 720,Description for user 720,14-02-2026 11:17,14-02-2026 11:17
721,,721,Post Title 721,Description for user 721,14-02-2026 11:17,14-02-2026 11:17
722,,722,Post Title 722,Description for user 722,14-02-2026 11:17,14-02-2026 11:17
723,,723,Post Title 723,Description for user 723,14-02-2026 11:17,14-02-2026 11:17
724,,724,Post Title 724,Description for user 724,14-02-2026 11:17,14-02-2026 11:17
725,,725,Post Title 725,Description for user 725,14-02-2026 11:17,14-02-2026 11:17
726,,726,Post Title 726,Description for user 726,14-02-2026 11:17,14-02-2026 11:17
727,,727,Post Title 727,Description for user 727,14-02-2026 11:17,14-02-2026 11:17
728,,728,Post Title 728,Description for user 728,14-02-2026 11:17,14-02-2026 11:17
729,,729,Post Title 729,Description for user 729,14-02-2026 11:17,14-02-2026 11:17
730,,730,Post Title 730,Description for user 730,14-02-2026 11:17,14-02-2026 11:17
731,,731,Post Title 731,Description for user 731,14-02-2026 11:17,14-02-2026 11:17
732,,732,Post Title 732,Description for user 732,14-02-2026 11:17,14-02-2026 11:17
733,,733,Post Title 733,Description for user 733,14-02-2026 11:17,14-02-2026 11:17
734,,734,Post Title 734,Description for user 734,14-02-2026 11:17,14-02-2026 11:17
735,,735,Post Title 735,Description for user 735,14-02-2026 11:17,14-02-2026 11:17
736,,736,Post Title 736,Description for user 736,14-02-2026 11:17,14-02-2026 11:17
737,,737,Post Title 737,Description for user 737,14-02-2026 11:17,14-02-2026 11:17
738,,738,Post Title 738,Description for user 738,14-02-2026 11:17,14-02-2026 11:17
739,,739,Post Title 739,Description for user 739,14-02-2026 11:17,14-02-2026 11:17
740,,740,Post Title 740,Description for user 740,14-02-2026 11:17,14-02-2026 11:17
741,,741,Post Title 741,Description for user 741,14-02-2026 11:17,14-02-2026 11:17
742,,742,Post Title 742,Description for user 742,14-02-2026 11:17,14-02-2026 11:17
743,,743,Post Title 743,Description for user 743,14-02-2026 11:17,14-02-2026 11:17
744,,744,Post Title 744,Description for user 744,14-02-2026 11:17,14-02-2026 11:17
745,,745,Post Title 745,Description for user 745,14-02-2026 11:17,14-02-2026 11:17
746,,746,Post Title 746,Description for user 746,14-02-2026 11:17,14-02-2026 11:17
747,,747,Post Title 747,Description for user 747,14-02-2026 11:17,14-02-2026 11:17
748,,748,Post Title 748,Description for user 748,14-02-2026 11:17,14-02-2026 11:17
749,,749,Post Title 749,Description for user 749,14-02-2026 11:17,14-02-2026 11:17
750,,750,Post Title 750,Description for user 750,14-02-2026 11:17,14-02-2026 11:17
751,,751,Post Title 751,Description for user 751,14-02-2026 11:17,14-02-2026 11:17
752,,752,Post Title 752,Description for user 752,14-02-2026 11:17,14-02-2026 11:17
753,,753,Post Title 753,Description for user 753,14-02-2026 11:17,14-02-2026 11:17
754,,754,Post Title 754,Description for user 754,14-02-2026 11:17,14-02-2026 11:17
755,,755,Post Title 755,Description for user 755,14-02-2026 11:17,14-02-2026 11:17
756,,756,Post Title 756,Description for user 756,14-02-2026 11:17,14-02-2026 11:17
757,,757,Post Title 757,Description for user 757,14-02-2026 11:17,14-02-2026 11:17
758,,758,Post Title 758,Description for user 758,14-02-2026 11:17,14-02-2026 11:17
759,,759,Post Title 759,Description for user 759,14-02-2026 11:17,14-02-2026 11:17
760,,760,Post Title 760,Description for user 760,14-02-2026 11:17,14-02-2026 11:17
761,,761,Post Title 761,Description for user 761,14-02-2026 11:17,14-02-2026 11:17
762,,762,Post Title 762,Description for user 762,14-02-2026 11:17,14-02-2026 11:17
763,,763,Post Title 763,Description for user 763,14-02-2026 11:17,14-02-2026 11:17
764,,764,Post Title 764,Description for user 764,14-02-2026 11:17,14-02-2026 11:17
765,,765,Post Title 765,Description for user 765,14-02-2026 11:17,14-02-2026 11:17
766,,766,Post Title 766,Description for user 766,14-02-2026 11:17,14-02-2026 11:17
767,,767,Post Title 767,Description for user 767,14-02-2026 11:17,14-02-2026 11:17
768,,768,Post Title 768,Description for user 768,14-02-2026 11:17,14-02-2026 11:17
769,,769,Post Title 769,Description for user 769,14-02-2026 11:17,14-02-2026 11:17
770,,770,Post Title 770,Description for user 770,14-02-2026 11:17,14-02-2026 11:17
771,,771,Post Title 771,Description for user 771,14-02-2026 11:17,14-02-2026 11:17
772,,772,Post Title 772,Description for user 772,14-02-2026 11:17,14-02-2026 11:17
773,,773,Post Title 773,Description for user 773,14-02-2026 11:17,14-02-2026 11:17
774,,774,Post Title 774,Description for user 774,14-02-2026 11:17,14-02-2026 11:17
775,,775,Post Title 775,Description for user 775,14-02-2026 11:17,14-02-2026 11:17
776,,776,Post Title 776,Description for user 776,14-02-2026 11:17,14-02-2026 11:17
777,,777,Post Title 777,Description for user 777,14-02-2026 11:17,14-02-2026 11:17
778,,778,Post Title 778,Description for user 778,14-02-2026 11:17,14-02-2026 11:17
779,,779,Post Title 779,Description for user 779,14-02-2026 11:17,14-02-2026 11:17
780,,780,Post Title 780,Description for user 780,14-02-2026 11:17,14-02-2026 11:17
781,,781,Post Title 781,Description for user 781,14-02-2026 11:17,14-02-2026 11:17
782,,782,Post Title 782,Description for user 782,14-02-2026 11:17,14-02-2026 11:17
783,,783,Post Title 783,Description for user 783,14-02-2026 11:17,14-02-2026 11:17
784,,784,Post Title 784,Description for user 784,14-02-2026 11:17,14-02-2026 11:17
785,,785,Post Title 785,Description for user 785,14-02-2026 11:17,14-02-2026 11:17
786,,786,Post Title 786,Description for user 786,14-02-2026 11:17,14-02-2026 11:17
787,,787,Post Title 787,Description for user 787,14-02-2026 11:17,14-02-2026 11:17
788,,788,Post Title 788,Description for user 788,14-02-2026 11:17,14-02-2026 11:17
789,,789,Post Title 789,Description for user 789,14-02-2026 11:17,14-02-2026 11:17
790,,790,Post Title 790,Description for user 790,14-02-2026 11:17,14-02-2026 11:17
791,,791,Post Title 791,Description for user 791,14-02-2026 11:17,14-02-2026 11:17
792,,792,Post Title 792,Description for user 792,14-02-2026 11:17,14-02-2026 11:17
793,,793,Post Title 793,Description for user 793,14-02-2026 11:17,14-02-2026 11:17
794,,794,Post Title 794,Description for user 794,14-02-2026 11:17,14-02-2026 11:17
795,,795,Post Title 795,Description for user 795,14-02-2026 11:17,14-02-2026 11:17
796,,796,Post Title 796,Description for user 796,14-02-2026 11:17,14-02-2026 11:17
797,,797,Post Title 797,Description for user 797,14-02-2026 11:17,14-02-2026 11:17
798,,798,Post Title 798,Description for user 798,14-02-2026 11:17,14-02-2026 11:17
799,,799,Post Title 799,Description for user 799,14-02-2026 11:17,14-02-2026 11:17
800,,800,Post Title 800,Description for user 800,14-02-2026 11:17,14-02-2026 11:17
801,,801,Post Title 801,Description for user 801,14-02-2026 11:17,14-02-2026 11:17
802,,802,Post Title 802,Description for user 802,14-02-2026 11:17,14-02-2026 11:17
803,,803,Post Title 803,Description for user 803,14-02-2026 11:17,14-02-2026 11:17
804,,804,Post Title 804,Description for user 804,14-02-2026 11:17,14-02-2026 11:17
805,,805,Post Title 805,Description for user 805,14-02-2026 11:17,14-02-2026 11:17
806,,806,Post Title 806,Description for user 806,14-02-2026 11:17,14-02-2026 11:17
807,,807,Post Title 807,Description for user 807,14-02-2026 11:17,14-02-2026 11:17
808,,808,Post Title 808,Description for user 808,14-02-2026 11:17,14-02-2026 11:17
809,,809,Post Title 809,Description for user 809,14-02-2026 11:17,14-02-2026 11:17
810,,810,Post Title 810,Description for user 810,14-02-2026 11:17,14-02-2026 11:17
811,,811,Post Title 811,Description for user 811,14-02-2026 11:17,14-02-2026 11:17
812,,812,Post Title 812,Description for user 812,14-02-2026 11:17,14-02-2026 11:17
813,,813,Post Title 813,Description for user 813,14-02-2026 11:17,14-02-2026 11:17
814,,814,Post Title 814,Description for user 814,14-02-2026 11:17,14-02-2026 11:17
815,,815,Post Title 815,Description for user 815,14-02-2026 11:17,14-02-2026 11:17
816,,816,Post Title 816,Description for user 816,14-02-2026 11:17,14-02-2026 11:17
817,,817,Post Title 817,Description for user 817,14-02-2026 11:17,14-02-2026 11:17
818,,818,Post Title 818,Description for user 818,14-02-2026 11:17,14-02-2026 11:17
819,,819,Post Title 819,Description for user 819,14-02-2026 11:17,14-02-2026 11:17
820,,820,Post Title 820,Description for user 820,14-02-2026 11:17,14-02-2026 11:17
821,,821,Post Title 821,Description for user 821,14-02-2026 11:17,14-02-2026 11:17
822,,822,Post Title 822,Description for user 822,14-02-2026 11:17,14-02-2026 11:17
823,,823,Post Title 823,Description for user 823,14-02-2026 11:17,14-02-2026 11:17
824,,824,Post Title 824,Description for user 824,14-02-2026 11:17,14-02-2026 11:17
825,,825,Post Title 825,Description for user 825,14-02-2026 11:17,14-02-2026 11:17
826,,826,Post Title 826,Description for user 826,14-02-2026 11:17,14-02-2026 11:17
827,,827,Post Title 827,Description for user 827,14-02-2026 11:17,14-02-2026 11:17
828,,828,Post Title 828,Description for user 828,14-02-2026 11:17,14-02-2026 11:17
829,,829,Post Title 829,Description for user 829,14-02-2026 11:17,14-02-2026 11:17
830,,830,Post Title 830,Description for user 830,14-02-2026 11:17,14-02-2026 11:17
831,,831,Post Title 831,Description for user 831,14-02-2026 11:17,14-02-2026 11:17
832,,832,Post Title 832,Description for user 832,14-02-2026 11:17,14-02-2026 11:17
833,,833,Post Title 833,Description for user 833,14-02-2026 11:17,14-02-2026 11:17
834,,834,Post Title 834,Description for user 834,14-02-2026 11:17,14-02-2026 11:17
835,,835,Post Title 835,Description for user 835,14-02-2026 11:17,14-02-2026 11:17
836,,836,Post Title 836,Description for user 836,14-02-2026 11:17,14-02-2026 11:17
837,,837,Post Title 837,Description for user 837,14-02-2026 11:17,14-02-2026 11:17
838,,838,Post Title 838,Description for user 838,14-02-2026 11:17,14-02-2026 11:17
839,,839,Post Title 839,Description for user 839,14-02-2026 11:17,14-02-2026 11:17
840,,840,Post Title 840,Description for user 840,14-02-2026 11:17,14-02-2026 11:17
841,,841,Post Title 841,Description for user 841,14-02-2026 11:17,14-02-2026 11:17
842,,842,Post Title 842,Description for user 842,14-02-2026 11:17,14-02-2026 11:17
843,,843,Post Title 843,Description for user 843,14-02-2026 11:17,14-02-2026 11:17
844,,844,Post Title 844,Description for user 844,14-02-2026 11:17,14-02-2026 11:17
845,,845,Post Title 845,Description for user 845,14-02-2026 11:17,14-02-2026 11:17
846,,846,Post Title 846,Description for user 846,14-02-2026 11:17,14-02-2026 11:17
847,,847,Post Title 847,Description for user 847,14-02-2026 11:17,14-02-2026 11:17
848,,848,Post Title 848,Description for user 848,14-02-2026 11:17,14-02-2026 11:17
849,,849,Post Title 849,Description for user 849,14-02-2026 11:17,14-02-2026 11:17
850,,850,Post Title 850,Description for user 850,14-02-2026 11:17,14-02-2026 11:17
851,,851,Post Title 851,Description for user 851,14-02-2026 11:17,14-02-2026 11:17
852,,852,Post Title 852,Description for user 852,14-02-2026 11:17,14-02-2026 11:17
853,,853,Post Title 853,Description for user 853,14-02-2026 11:17,14-02-2026 11:17
854,,854,Post Title 854,Description for user 854,14-02-2026 11:17,14-02-2026 11:17
855,,855,Post Title 855,Description for user 855,14-02-2026 11:17,14-02-2026 11:17
856,,856,Post Title 856,Description for user 856,14-02-2026 11:17,14-02-2026 11:17
857,,857,Post Title 857,Description for user 857,14-02-2026 11:17,14-02-2026 11:17
858,,858,Post Title 858,Description for user 858,14-02-2026 11:17,14-02-2026 11:17
859,,859,Post Title 859,Description for user 859,14-02-2026 11:17,14-02-2026 11:17
860,,860,Post Title 860,Description for user 860,14-02-2026 11:17,14-02-2026 11:17
861,,861,Post Title 861,Description for user 861,14-02-2026 11:17,14-02-2026 11:17
862,,862,Post Title 862,Description for user 862,14-02-2026 11:17,14-02-2026 11:17
863,,863,Post Title 863,Description for user 863,14-02-2026 11:17,14-02-2026 11:17
864,,864,Post Title 864,Description for user 864,14-02-2026 11:17,14-02-2026 11:17
865,,865,Post Title 865,Description for user 865,14-02-2026 11:17,14-02-2026 11:17
866,,866,Post Title 866,Description for user 866,14-02-2026 11:17,14-02-2026 11:17
867,,867,Post Title 867,Description for user 867,14-02-2026 11:17,14-02-2026 11:17
868,,868,Post Title 868,Description for user 868,14-02-2026 11:17,14-02-2026 11:17
869,,869,Post Title 869,Description for user 869,14-02-2026 11:17,14-02-2026 11:17
870,,870,Post Title 870,Description for user 870,14-02-2026 11:17,14-02-2026 11:17
871,,871,Post Title 871,Description for user 871,14-02-2026 11:17,14-02-2026 11:17
872,,872,Post Title 872,Description for user 872,14-02-2026 11:17,14-02-2026 11:17
873,,873,Post Title 873,Description for user 873,14-02-2026 11:17,14-02-2026 11:17
874,,874,Post Title 874,Description for user 874,14-02-2026 11:17,14-02-2026 11:17
875,,875,Post Title 875,Description for user 875,14-02-2026 11:17,14-02-2026 11:17
876,,876,Post Title 876,Description for user 876,14-02-2026 11:17,14-02-2026 11:17
877,,877,Post Title 877,Description for user 877,14-02-2026 11:17,14-02-2026 11:17
878,,878,Post Title 878,Description for user 878,14-02-2026 11:17,14-02-2026 11:17
879,,879,Post Title 879,Description for user 879,14-02-2026 11:17,14-02-2026 11:17
880,,880,Post Title 880,Description for user 880,14-02-2026 11:17,14-02-2026 11:17
881,,881,Post Title 881,Description for user 881,14-02-2026 11:17,14-02-2026 11:17
882,,882,Post Title 882,Description for user 882,14-02-2026 11:17,14-02-2026 11:17
883,,883,Post Title 883,Description for user 883,14-02-2026 11:17,14-02-2026 11:17
884,,884,Post Title 884,Description for user 884,14-02-2026 11:17,14-02-2026 11:17
885,,885,Post Title 885,Description for user 885,14-02-2026 11:17,14-02-2026 11:17
886,,886,Post Title 886,Description for user 886,14-02-2026 11:17,14-02-2026 11:17
887,,887,Post Title 887,Description for user 887,14-02-2026 11:17,14-02-2026 11:17
888,,888,Post Title 888,Description for user 888,14-02-2026 11:17,14-02-2026 11:17
889,,889,Post Title 889,Description for user 889,14-02-2026 11:17,14-02-2026 11:17
890,,890,Post Title 890,Description for user 890,14-02-2026 11:17,14-02-2026 11:17
891,,891,Post Title 891,Description for user 891,14-02-2026 11:17,14-02-2026 11:17
892,,892,Post Title 892,Description for user 892,14-02-2026 11:17,14-02-2026 11:17
893,,893,Post Title 893,Description for user 893,14-02-2026 11:17,14-02-2026 11:17
894,,894,Post Title 894,Description for user 894,14-02-2026 11:17,14-02-2026 11:17
895,,895,Post Title 895,Description for user 895,14-02-2026 11:17,14-02-2026 11:17
896,,896,Post Title 896,Description for user 896,14-02-2026 11:17,14-02-2026 11:17
897,,897,Post Title 897,Description for user 897,14-02-2026 11:17,14-02-2026 11:17
898,,898,Post Title 898,Description for user 898,14-02-2026 11:17,14-02-2026 11:17
899,,899,Post Title 899,Description for user 899,14-02-2026 11:17,14-02-2026 11:17
900,,900,Post Title 900,Description for user 900,14-02-2026 11:17,14-02-2026 11:17
901,,901,Post Title 901,Description for user 901,14-02-2026 11:17,14-02-2026 11:17
902,,902,Post Title 902,Description for user 902,14-02-2026 11:17,14-02-2026 11:17
903,,903,Post Title 903,Description for user 903,14-02-2026 11:17,14-02-2026 11:17
904,,904,Post Title 904,Description for user 904,14-02-2026 11:17,14-02-2026 11:17
905,,905,Post Title 905,Description for user 905,14-02-2026 11:17,14-02-2026 11:17
906,,906,Post Title 906,Description for user 906,14-02-2026 11:17,14-02-2026 11:17
907,,907,Post Title 907,Description for user 907,14-02-2026 11:17,14-02-2026 11:17
908,,908,Post Title 908,Description for user 908,14-02-2026 11:17,14-02-2026 11:17
909,,909,Post Title 909,Description for user 909,14-02-2026 11:17,14-02-2026 11:17
910,,910,Post Title 910,Description for user 910,14-02-2026 11:17,14-02-2026 11:17
911,,911,Post Title 911,Description for user 911,14-02-2026 11:17,14-02-2026 11:17
912,,912,Post Title 912,Description for user 912,14-02-2026 11:17,14-02-2026 11:17
913,,913,Post Title 913,Description for user 913,14-02-2026 11:17,14-02-2026 11:17
914,,914,Post Title 914,Description for user 914,14-02-2026 11:17,14-02-2026 11:17
915,,915,Post Title 915,Description for user 915,14-02-2026 11:17,14-02-2026 11:17
916,,916,Post Title 916,Description for user 916,14-02-2026 11:17,14-02-2026 11:17
917,,917,Post Title 917,Description for user 917,14-02-2026 11:17,14-02-2026 11:17
918,,918,Post Title 918,Description for user 918,14-02-2026 11:17,14-02-2026 11:17
919,,919,Post Title 919,Description for user 919,14-02-2026 11:17,14-02-2026 11:17
920,,920,Post Title 920,Description for user 920,14-02-2026 11:17,14-02-2026 11:17
921,,921,Post Title 921,Description for user 921,14-02-2026 11:17,14-02-2026 11:17
922,,922,Post Title 922,Description for user 922,14-02-2026 11:17,14-02-2026 11:17
923,,923,Post Title 923,Description for user 923,14-02-2026 11:17,14-02-2026 11:17
924,,924,Post Title 924,Description for user 924,14-02-2026 11:17,14-02-2026 11:17
925,,925,Post Title 925,Description for user 925,14-02-2026 11:17,14-02-2026 11:17
926,,926,Post Title 926,Description for user 926,14-02-2026 11:17,14-02-2026 11:17
927,,927,Post Title 927,Description for user 927,14-02-2026 11:17,14-02-2026 11:17
928,,928,Post Title 928,Description for user 928,14-02-2026 11:17,14-02-2026 11:17
929,,929,Post Title 929,Description for user 929,14-02-2026 11:17,14-02-2026 11:17
930,,930,Post Title 930,Description for user 930,14-02-2026 11:17,14-02-2026 11:17
931,,931,Post Title 931,Description for user 931,14-02-2026 11:17,14-02-2026 11:17
932,,932,Post Title 932,Description for user 932,14-02-2026 11:17,14-02-2026 11:17
933,,933,Post Title 933,Description for user 933,14-02-2026 11:17,14-02-2026 11:17
934,,934,Post Title 934,Description for user 934,14-02-2026 11:17,14-02-2026 11:17
935,,935,Post Title 935,Description for user 935,14-02-2026 11:17,14-02-2026 11:17
936,,936,Post Title 936,Description for user 936,14-02-2026 11:17,14-02-2026 11:17
937,,937,Post Title 937,Description for user 937,14-02-2026 11:17,14-02-2026 11:17
938,,938,Post Title 938,Description for user 938,14-02-2026 11:17,14-02-2026 11:17
939,,939,Post Title 939,Description for user 939,14-02-2026 11:17,14-02-2026 11:17
940,,940,Post Title 940,Description for user 940,14-02-2026 11:17,14-02-2026 11:17
941,,941,Post Title 941,Description for user 941,14-02-2026 11:17,14-02-2026 11:17
942,,942,Post Title 942,Description for user 942,14-02-2026 11:17,14-02-2026 11:17
943,,943,Post Title 943,Description for user 943,14-02-2026 11:17,14-02-2026 11:17
944,,944,Post Title 944,Description for user 944,14-02-2026 11:17,14-02-2026 11:17
945,,945,Post Title 945,Description for user 945,14-02-2026 11:17,14-02-2026 11:17
946,,946,Post Title 946,Description for user 946,14-02-2026 11:17,14-02-2026 11:17
947,,947,Post Title 947,Description for user 947,14-02-2026 11:17,14-02-2026 11:17
948,,948,Post Title 948,Description for user 948,14-02-2026 11:17,14-02-2026 11:17
949,,949,Post Title 949,Description for user 949,14-02-2026 11:17,14-02-2026 11:17
950,,950,Post Title 950,Description for user 950,14-02-2026 11:17,14-02-2026 11:17
951,,951,Post Title 951,Description for user 951,14-02-2026 11:17,14-02-2026 11:17
952,,952,Post Title 952,Description for user 952,14-02-2026 11:17,14-02-2026 11:17
953,,953,Post Title 953,Description for user 953,14-02-2026 11:17,14-02-2026 11:17
954,,954,Post Title 954,Description for user 954,14-02-2026 11:17,14-02-2026 11:17
955,,955,Post Title 955,Description for user 955,14-02-2026 11:17,14-02-2026 11:17
956,,956,Post Title 956,Description for user 956,14-02-2026 11:17,14-02-2026 11:17
957,,957,Post Title 957,Description for user 957,14-02-2026 11:17,14-02-2026 11:17
958,,958,Post Title 958,Description for user 958,14-02-2026 11:17,14-02-2026 11:17
959,,959,Post Title 959,Description for user 959,14-02-2026 11:17,14-02-2026 11:17
960,,960,Post Title 960,Description for user 960,14-02-2026 11:17,14-02-2026 11:17
961,,961,Post Title 961,Description for user 961,14-02-2026 11:17,14-02-2026 11:17
962,,962,Post Title 962,Description for user 962,14-02-2026 11:17,14-02-2026 11:17
963,,963,Post Title 963,Description for user 963,14-02-2026 11:17,14-02-2026 11:17
964,,964,Post Title 964,Description for user 964,14-02-2026 11:17,14-02-2026 11:17
965,,965,Post Title 965,Description for user 965,14-02-2026 11:17,14-02-2026 11:17
966,,966,Post Title 966,Description for user 966,14-02-2026 11:17,14-02-2026 11:17
967,,967,Post Title 967,Description for user 967,14-02-2026 11:17,14-02-2026 11:17
968,,968,Post Title 968,Description for user 968,14-02-2026 11:17,14-02-2026 11:17
969,,969,Post Title 969,Description for user 969,14-02-2026 11:17,14-02-2026 11:17
970,,970,Post Title 970,Description for user 970,14-02-2026 11:17,14-02-2026 11:17
971,,971,Post Title 971,Description for user 971,14-02-2026 11:17,14-02-2026 11:17
972,,972,Post Title 972,Description for user 972,14-02-2026 11:17,14-02-2026 11:17
973,,973,Post Title 973,Description for user 973,14-02-2026 11:17,14-02-2026 11:17
974,,974,Post Title 974,Description for user 974,14-02-2026 11:17,14-02-2026 11:17
975,,975,Post Title 975,Description for user 975,14-02-2026 11:17,14-02-2026 11:17
976,,976,Post Title 976,Description for user 976,14-02-2026 11:17,14-02-2026 11:17
977,,977,Post Title 977,Description for user 977,14-02-2026 11:17,14-02-2026 11:17
978,,978,Post Title 978,Description for user 978,14-02-2026 11:17,14-02-2026 11:17
979,,979,Post Title 979,Description for user 979,14-02-2026 11:17,14-02-2026 11:17
980,,980,Post Title 980,Description for user 980,14-02-2026 11:17,14-02-2026 11:17
981,,981,Post Title 981,Description for user 981,14-02-2026 11:17,14-02-2026 11:17
982,,982,Post Title 982,Description for user 982,14-02-2026 11:17,14-02-2026 11:17
983,,983,Post Title 983,Description for user 983,14-02-2026 11:17,14-02-2026 11:17
984,,984,Post Title 984,Description for user 984,14-02-2026 11:17,14-02-2026 11:17
985,,985,Post Title 985,Description for user 985,14-02-2026 11:17,14-02-2026 11:17
986,,986,Post Title 986,Description for user 986,14-02-2026 11:17,14-02-2026 11:17
987,,987,Post Title 987,Description for user 987,14-02-2026 11:17,14-02-2026 11:17
988,,988,Post Title 988,Description for user 988,14-02-2026 11:17,14-02-2026 11:17
989,,989,Post Title 989,Description for user 989,14-02-2026 11:17,14-02-2026 11:17
990,,990,Post Title 990,Description for user 990,14-02-2026 11:17,14-02-2026 11:17
991,,991,Post Title 991,Description for user 991,14-02-2026 11:17,14-02-2026 11:17
992,,992,Post Title 992,Description for user 992,14-02-2026 11:17,14-02-2026 11:17
993,,993,Post Title 993,Description for user 993,14-02-2026 11:17,14-02-2026 11:17
994,,994,Post Title 994,Description for user 994,14-02-2026 11:17,14-02-2026 11:17
995,,995,Post Title 995,Description for user 995,14-02-2026 11:17,14-02-2026 11:17
996,,996,Post Title 996,Description for user 996,14-02-2026 11:17,14-02-2026 11:17
997,,997,Post Title 997,Description for user 997,14-02-2026 11:17,14-02-2026 11:17
998,,998,Post Title 998,Description for user 998,14-02-2026 11:17,14-02-2026 11:17
999,,999,Post Title 999,Description for user 999,14-02-2026 11:17,14-02-2026 11:17
1000,,1000,Post Title 1000,Description for user 1000,14-02-2026 11:17,14-02-2026 11:17
